Leaf number,Spot,Leaf weight (mg),A1 A647,A2 A647,A3 A647,A1 A664,A2 A664,A3 A664,A647 AVG,A664 AVG,Chlorophyll a (µg),Chlorophyll b (µg),Total Chlorophyll (µg),Total Chlorophyll (µg/mg),Chlorophyll a (µg/mg),Chlorophyll b (µg/mg),Total Chlorophyll (µg/cm2),Chlorophyll a (µg/cm2),Chlorophyll b (µg/cm2)
1,A,4.3,0.0822,0.0834,0.0848,0.2167,0.218,0.2192,0.0835,0.218,10.0221,2.8833,12.9054,3.001260155,2.330728682,0.670531473,45.64412063,35.44646436,10.19765627
,B,4.9,0.08,0.0802,0.0803,0.2169,0.217,0.217,0.0802,0.217,10.011,2.5987,12.6097,2.573407075,2.04306966,0.530337415,44.59819858,35.40723397,9.190964608
,C,5.1,0.0803,0.0802,0.0802,0.2169,0.2167,0.2167,0.0802,0.2168,10.0001,2.6093,12.6095,2.472444706,1.960810196,0.51163451,44.5973969,35.36864964,9.228747259
2,A,5.5,0.0817,0.0815,0.0815,0.2261,0.2262,0.2261,0.0816,0.2261,10.4578,2.5236,12.9813,2.360243636,1.901411636,0.458832,45.91264059,36.98721087,8.925429723
,B,5.2,0.0808,0.0805,0.0807,0.2255,0.2251,0.2251,0.0807,0.2252,10.423,2.46,12.883,2.477504615,2.004427692,0.473076923,45.56491476,36.8643418,8.700572965
,C,5.3,0.0827,0.0829,0.0826,0.228,0.228,0.2277,0.0827,0.2279,10.5331,2.5925,13.1257,2.476543899,1.987383648,0.489160252,46.42315437,37.2537785,9.169375869
3,A,5.4,0.0719,0.0724,0.0723,0.2045,0.2041,0.204,0.0722,0.2042,9.4608,2.1434,11.6042,2.148934815,1.752007407,0.396927407,41.04211643,33.46127184,7.580844592
,B,5.1,0.0739,0.0739,0.0737,0.2072,0.2076,0.2072,0.0738,0.2073,9.5997,2.2252,11.8249,2.318610458,1.882299346,0.436311111,41.82256962,33.95248874,7.870080875
,C,5.3,0.0734,0.0736,0.0737,0.2083,0.2083,0.2082,0.0736,0.2083,9.6501,2.1795,11.8296,2.23199522,1.820774591,0.411220629,41.83905591,34.13066893,7.708386975
4,A,5.8,0.0725,0.0727,0.0726,0.2092,0.2095,0.2094,0.0726,0.2094,9.7173,2.0649,11.7822,2.031409195,1.675393563,0.356015632,41.671406,34.36826295,7.303143053
,B,5.9,0.0712,0.071,0.0709,0.2054,0.2053,0.2051,0.071,0.2053,9.5287,2.011,11.5397,1.95588,1.615037966,0.340842034,40.81379359,33.70136521,7.112428379
,C,5.7,0.0704,0.0705,0.0707,0.2019,0.2019,0.2017,0.0705,0.2018,9.3611,2.0414,11.4025,2.000433216,1.642300819,0.358132398,40.32846196,33.10856146,7.219900498
5,A,5.5,0.0777,0.0777,0.0777,0.2159,0.216,0.2157,0.0777,0.2159,9.9849,2.3938,12.3787,2.250676606,1.815441212,0.435235394,43.78128787,35.31487114,8.466416732
,B,4.9,0.0768,0.0767,0.0767,0.2152,0.2151,0.2151,0.0767,0.2151,9.9594,2.3203,12.2797,2.506059864,2.032532789,0.473527075,43.43104383,35.22462569,8.206418146
,C,4.8,0.0785,0.0786,0.0786,0.2162,0.2161,0.216,0.0786,0.2161,9.9864,2.4692,12.4556,2.594908611,2.080491389,0.514417222,44.05305699,35.31993587,8.733121124
6,A,4.9,0.0763,0.0765,0.0766,0.2118,0.2117,0.2116,0.0765,0.2117,9.789,2.3724,12.1614,2.48191619,1.997757279,0.484158912,43.01262408,34.62195185,8.390672231
,B,4.8,0.0757,0.0758,0.0755,0.2104,0.2104,0.2102,0.0757,0.2103,9.7295,2.3286,12.058,2.512091667,2.026975,0.485116667,42.64709627,34.4114027,8.23569357
,C,5,0.0771,0.0769,0.0769,0.2139,0.2138,0.2134,0.077,0.2137,9.8842,2.3741,12.2582,2.451649867,1.976830133,0.474819733,43.3552003,34.95844474,8.396755559
7,A,5,0.0606,0.0608,0.0606,0.168,0.168,0.1681,0.0607,0.168,7.7702,1.8805,9.6507,1.9301344,1.5540384,0.376096,34.13267313,27.48175709,6.650916036
,B,5.1,0.0615,0.0617,0.0617,0.1682,0.1683,0.1684,0.0616,0.1683,7.7721,1.9644,9.7366,1.90912915,1.523943791,0.385185359,34.43643866,27.4885525,6.947886162
,C,5.6,0.0657,0.0657,0.0659,0.1778,0.1779,0.1777,0.0658,0.1778,8.203,2.1362,10.3392,1.846287381,1.46482119,0.38146619,36.56790455,29.01251562,7.555388932
8,A,4.6,0.0757,0.0759,0.0773,0.2104,0.2101,0.2107,0.0763,0.2104,9.7253,2.386,12.1113,2.632884348,2.114190435,0.518693913,42.83535404,34.39653392,8.438820117
,B,4.2,0.0773,0.0774,0.0773,0.2141,0.2137,0.2138,0.0773,0.2139,9.8882,2.4045,12.2927,2.926826667,2.354331429,0.572495238,43.47694702,34.9727382,8.504208814
,C,4.2,0.0773,0.0772,0.0772,0.2152,0.215,0.2149,0.0772,0.215,9.9484,2.369,12.3174,2.932718413,2.368660635,0.564057778,43.56446677,35.18559336,8.378873405
9,A,4,0.0693,0.0695,0.0693,0.1821,0.1821,0.1821,0.0694,0.1821,8.3774,2.3748,10.7522,2.688046333,2.094337667,0.593708667,38.02852562,29.62916696,8.399358657
,B,3.9,0.0705,0.0707,0.0706,0.1833,0.1833,0.1835,0.0706,0.1834,8.4266,2.4612,10.8879,2.791757265,2.160677607,0.631079658,38.50835868,29.80350381,8.704854873
,C,4.5,0.0706,0.0761,0.076,0.1929,0.1927,0.1927,0.0742,0.1928,8.8585,2.5887,11.4471,2.543810667,1.968544889,0.575265778,40.48648228,31.33073495,9.15574733
10,A,4.6,0.0736,0.0738,0.0737,0.1997,0.1996,0.1998,0.0737,0.1997,9.2154,2.3838,11.5991,2.521553913,2.003343478,0.518210435,41.02407866,32.59312443,8.430954234
,B,4.7,0.0724,0.0724,0.0724,0.199,0.1992,0.1991,0.0724,0.1991,9.2006,2.2763,11.4768,2.441882553,1.957572766,0.484309787,40.59152578,32.54082196,8.050703827
,C,4.8,0.0752,0.0754,0.075,0.2048,0.205,0.205,0.0752,0.2049,9.462,2.4061,11.8681,2.472528889,1.971257778,0.501271111,41.97544977,33.46550659,8.509943175
11,A,4.9,0.063,0.0628,0.0628,0.1734,0.1734,0.1735,0.0629,0.1734,8.0169,1.9642,9.9811,2.036961633,1.636102857,0.400858776,35.30137936,28.3543326,6.947046757
,B,5.4,0.0663,0.0662,0.0662,0.1765,0.1762,0.1763,0.0662,0.1763,8.1233,2.2125,10.3357,1.914026914,1.504307901,0.409719012,36.55565301,28.73050388,7.825149136
,C,5.2,0.0667,0.0664,0.0667,0.17,0.17,0.1702,0.0666,0.1701,7.802,2.387,10.189,1.959424103,1.500391282,0.459032821,36.0366603,27.59437882,8.442281484
12,A,4.9,0.0655,0.0656,0.0656,0.1825,0.1825,0.1823,0.0656,0.1824,8.4397,2.0138,10.4535,2.133360816,1.722377959,0.410982857,36.97201669,29.84951546,7.122501238
,B,4.6,0.0635,0.0635,0.0635,0.1786,0.1785,0.1785,0.0635,0.1785,8.2672,1.9089,10.1761,2.212191014,1.797214203,0.414976812,35.99094103,29.2395322,6.751408833
,C,4.9,0.0667,0.0668,0.0669,0.1845,0.1848,0.185,0.0668,0.1848,8.5429,2.0763,10.6192,2.167178231,1.74344381,0.423734422,37.55808635,30.21459527,7.343491075
13,A,4.6,0.0743,0.074,0.0742,0.1973,0.1969,0.1972,0.0742,0.1971,9.08,2.4847,11.5647,2.514066957,1.97391913,0.540147826,40.90227064,32.114409,8.78786164
,B,4.9,0.0756,0.0758,0.0757,0.1994,0.1995,0.1997,0.0757,0.1995,9.183,2.5736,11.7566,2.399309116,1.874088435,0.52522068,41.58100964,32.47872014,9.1022895
,C,4.8,0.0752,0.0756,0.075,0.1961,0.196,0.1958,0.0753,0.196,9.0079,2.6132,11.621,2.421050556,1.876642778,0.544407778,41.10151612,31.8592535,9.242262621
14,A,5,0.0669,0.0668,0.0667,0.184,0.184,0.1841,0.0668,0.184,8.5058,2.0927,10.5985,2.119704533,1.701159467,0.418545067,37.48504869,30.08345948,7.40158921
,B,4.6,0.0666,0.0666,0.0665,0.184,0.1838,0.184,0.0666,0.1839,8.5035,2.0733,10.5768,2.299301739,1.848593913,0.450707826,37.40817712,30.07544741,7.332729716
,C,4.4,0.0648,0.0648,0.065,0.1778,0.1778,0.1781,0.0649,0.1779,8.2188,2.0502,10.2691,2.333875758,1.867913333,0.465962424,36.31977553,29.06846809,7.251307444
15,A,3.8,0.0676,0.0676,0.0673,0.1801,0.18,0.1798,0.0675,0.18,8.2918,2.2489,10.5408,2.773884561,2.182056491,0.59182807,37.28075735,29.32664167,7.954115678
,B,3.9,0.0662,0.0662,0.0662,0.1762,0.1759,0.176,0.0662,0.176,8.1085,2.2161,10.3246,2.647331966,2.079100855,0.568231111,36.51621513,28.67826743,7.837947702
,C,4.5,0.0693,0.0696,0.0698,0.1833,0.1834,0.1834,0.0696,0.1834,8.439,2.3651,10.8041,2.400904593,1.87533363,0.525570963,38.21203461,29.84721417,8.364820448
16,A,5.7,0.0785,0.0783,0.0785,0.2199,0.2196,0.2198,0.0784,0.2198,10.1733,2.3747,12.548,2.201404211,1.784796491,0.416607719,44.3800099,35.98125486,8.39875504
,B,5.1,0.0802,0.0801,0.0803,0.2256,0.2257,0.2255,0.0802,0.2256,10.4471,2.4084,12.8555,2.520688627,2.048459608,0.47222902,45.46760982,36.94964985,8.517959963
,C,5.3,0.0822,0.0823,0.0819,0.2299,0.2299,0.2297,0.0821,0.2298,10.6381,2.4934,13.1315,2.477637233,2.007180881,0.470456352,46.44364905,37.62488034,8.818768716
17,A,5.2,0.056,0.056,0.0557,0.1546,0.1545,0.1541,0.0559,0.1544,7.1379,1.7424,8.8803,1.707745385,1.372673077,0.335072308,31.40792247,25.24545519,6.162467284
,B,5.4,0.0541,0.054,0.0542,0.1503,0.1503,0.1503,0.0541,0.1503,6.9521,1.6667,8.6189,1.596088148,1.287431852,0.308656296,30.48339818,24.58842753,5.894970644
,C,5.6,0.0581,0.0552,0.0552,0.152,0.1519,0.1518,0.0562,0.1519,7.0083,1.8232,8.8315,1.577053095,1.251484048,0.325569048,31.23540119,24.78712127,6.448279927
18,A,5.4,0.0769,0.0766,0.0768,0.2215,0.2214,0.2213,0.0768,0.2214,10.2759,2.183,12.4589,2.307197284,1.902936049,0.404261235,44.06474264,36.34383061,7.720912028
,B,5.3,0.0762,0.0764,0.0764,0.2197,0.2201,0.2201,0.0763,0.22,10.2086,2.1748,12.3834,2.336484528,1.926144906,0.410339623,43.79772229,36.1058499,7.691872392
,C,5.8,0.0767,0.0768,0.0768,0.2222,0.2224,0.2222,0.0768,0.2223,10.3197,2.1636,12.4833,2.152288046,1.779254023,0.373034023,44.15105987,36.49880927,7.652250595
19,A,4.9,0.0551,0.0549,0.0553,0.1528,0.1527,0.1528,0.0551,0.1528,7.0649,1.7045,8.7694,1.789677007,1.441813605,0.347863401,31.01583551,24.9872203,6.028615218
,B,4.5,0.0544,0.0544,0.0546,0.1516,0.1516,0.1516,0.0545,0.1516,7.0135,1.6717,8.6852,1.930047407,1.558549926,0.371497481,30.71802127,24.8053854,5.912635873
,C,4.8,0.0555,0.0555,0.0558,0.1543,0.1541,0.1546,0.0556,0.1543,7.1381,1.716,8.8541,1.844598889,1.487107778,0.357491111,31.31525312,25.24622386,6.069029261
20,A,5.3,0.0565,0.0563,0.0563,0.1577,0.1574,0.1573,0.0564,0.1575,7.2874,1.7171,9.0045,1.69895673,1.374975346,0.323981384,31.84717644,25.77410106,6.073075381
,B,5.4,0.0542,0.0545,0.0544,0.1518,0.1519,0.1521,0.0544,0.1519,7.0315,1.655,8.6865,1.60860963,1.302134074,0.306475556,30.72254368,24.86922261,5.853321072
,C,4.8,0.054,0.0541,0.0541,0.1513,0.1513,0.1513,0.0541,0.1513,7.0031,1.6412,8.6443,1.800902778,1.458977222,0.341925556,30.57343614,24.76865907,5.804777063
21,A,5,0.0224,0.0247,0.0265,0.0494,0.0515,0.0533,0.0245,0.0514,2.3054,1.1312,3.4366,0.687317333,0.461073067,0.226244267,12.15458254,8.153658249,4.000924289
,B,5,0.0156,0.0157,0.016,0.0424,0.0428,0.0428,0.0158,0.0427,1.9687,0.5112,2.4799,0.495970933,0.393731467,0.102239467,8.770795313,6.96278324,1.808012072
,C,4.4,0.015,0.0154,0.016,0.0423,0.0427,0.0431,0.0155,0.0427,1.9739,0.4825,2.4565,0.558288485,0.448620606,0.109667879,8.688085638,6.981434062,1.706651576
22,A,4.1,0.0286,0.0284,0.0287,0.0744,0.074,0.0744,0.0286,0.0743,3.4133,0.9943,4.4075,1.075008455,0.83250374,0.242504715,15.58864917,12.07209922,3.516549952
,B,4.5,0.0278,0.0277,0.0276,0.0732,0.0729,0.0729,0.0277,0.073,3.3596,0.942,4.3016,0.955910222,0.746575111,0.209335111,15.21396336,11.88225225,3.331711113
,C,4.8,0.029,0.029,0.0293,0.0763,0.0765,0.0767,0.0291,0.0765,3.5198,0.9939,4.5137,0.9403475,0.7332925,0.207055,15.96402348,12.44890712,3.515116361
23,A,6.8,0.1068,0.1067,0.1066,0.2503,0.2505,0.2503,0.1067,0.2504,11.3824,4.3192,15.7016,2.309053137,1.673883333,0.635169804,55.53356912,40.25750395,15.27606517
,B,7,0.1074,0.1071,0.1069,0.2533,0.253,0.2526,0.1071,0.253,11.5087,4.3012,15.8099,2.258558857,1.644097143,0.614461714,55.91678574,40.70410978,15.21267596
,C,7.5,0.107,0.1069,0.1069,0.2475,0.2475,0.2471,0.1069,0.2474,11.2279,4.4081,15.636,2.0848,1.497058133,0.587741867,55.3016906,39.71116927,15.59052133
24,A,6.2,0.145,0.145,0.145,0.3581,0.3576,0.3573,0.145,0.3577,16.3494,5.4791,21.8285,3.520724731,2.637004301,0.88372043,77.20341421,57.82495107,19.37846313
,B,6.1,0.1357,0.1355,0.1356,0.3407,0.3404,0.3402,0.1356,0.3404,15.5907,4.9896,20.5802,3.373809814,2.555844743,0.817965071,72.78856853,55.14130626,17.64726227
,C,6.2,0.1426,0.1427,0.1427,0.3607,0.3607,0.3605,0.1427,0.3606,16.5273,5.1955,21.7228,3.503685161,2.665698065,0.837987097,76.82976586,58.45415576,18.3756101
25,A,6,0.1412,0.1412,0.1412,0.3612,0.361,0.361,0.1412,0.3611,16.5668,5.0494,21.6161,3.602688889,2.761129778,0.841559111,76.45233548,58.5936856,17.85864988
,B,6.2,0.134,0.134,0.1336,0.3452,0.3447,0.3445,0.1339,0.3448,15.832,4.7314,20.5635,3.316689892,2.553555269,0.763134624,72.7292825,55.99505789,16.73422461
,C,6.2,0.1357,0.1359,0.136,0.3462,0.346,0.3463,0.1359,0.3462,15.8772,4.8869,20.7641,3.349052043,2.560842151,0.788209892,73.43892858,56.15484662,17.28408196
26,A,6.8,0.1507,0.1504,0.1504,0.3797,0.3798,0.3794,0.1505,0.3796,17.3943,5.4987,22.893,3.366619804,2.557982549,0.808637255,80.96843272,61.52041216,19.44802056
,B,5.8,0.1444,0.144,0.1436,0.3703,0.3698,0.3693,0.144,0.3698,16.9748,5.1142,22.0891,3.808463448,2.926697931,0.881765517,78.12509019,60.03695268,18.08813751
,C,5.7,0.1439,0.1439,0.1439,0.3638,0.3637,0.364,0.1439,0.3638,16.6744,5.2386,21.913,3.844378713,2.925327953,0.91905076,77.50215274,58.97421424,18.52793851
27,A,4.2,0.0759,0.076,0.0759,0.1952,0.1948,0.1947,0.0759,0.1949,8.946,2.6991,11.6451,2.772633016,2.129995556,0.64263746,41.18645634,31.6403103,9.546146047
,B,4.6,0.0722,0.0722,0.0724,0.1871,0.1873,0.1873,0.0723,0.1872,8.6022,2.5297,11.1319,2.419972174,1.870045217,0.549926957,39.37140836,30.42444649,8.946961873
,C,4,0.0732,0.0732,0.073,0.187,0.1872,0.187,0.0731,0.1871,8.5834,2.614,11.1974,2.799362,2.145854,0.653508,39.60333876,30.3579826,9.245356158
28,A,5.9,0.162,0.1619,0.162,0.401,0.4009,0.401,0.162,0.401,18.3358,6.0877,24.4235,4.139572655,3.107754802,1.031817853,86.38140577,64.85022754,21.53117823
,B,6.4,0.1727,0.1725,0.1728,0.4252,0.4248,0.425,0.1727,0.425,19.4229,6.5449,25.9678,4.057470833,3.034829167,1.022641667,91.84343684,68.69529132,23.14814553
,C,5.9,0.1708,0.1704,0.1704,0.4202,0.4196,0.4165,0.1705,0.4188,19.1333,6.486,25.6193,4.342256271,3.242926102,1.099330169,90.61085096,67.67087784,22.93997312
29,A,5.5,0.1334,0.1334,0.1334,0.3297,0.3297,0.33,0.1334,0.3298,15.0792,5.024,20.1032,3.655134545,2.741677091,0.913457455,71.10150668,53.33247507,17.76903162
,B,5.4,0.134,0.1344,0.1341,0.3292,0.3294,0.329,0.1342,0.3292,15.0397,5.1088,20.1485,3.731204691,2.785133086,0.946071605,71.26160194,53.19275188,18.06885006
,C,5.2,0.133,0.1331,0.1332,0.328,0.3281,0.328,0.1331,0.328,14.9935,5.0357,20.0292,3.851762821,2.883363333,0.968399487,70.83952277,53.02924713,17.81027564
30,A,5.5,0.068,0.0684,0.0685,0.1924,0.1927,0.1924,0.0683,0.1925,8.9159,2.0426,10.9586,1.992466182,1.621078545,0.371387636,38.75844946,31.53403127,7.224418193
,B,5.8,0.0671,0.0668,0.0667,0.1878,0.1874,0.1874,0.0669,0.1875,8.682,2.0205,10.7025,1.845256552,1.496889655,0.348366897,37.85275518,30.70651482,7.146240362
,C,5.7,0.0671,0.0674,0.0672,0.1876,0.1874,0.1877,0.0672,0.1876,8.6793,2.0539,10.7332,1.883009825,1.522677193,0.360332632,37.96122232,30.69696541,7.264256914
31,A,4.9,0.1052,0.1054,0.1054,0.2748,0.2749,0.2744,0.1053,0.2747,12.629,3.6469,16.276,3.321628299,2.57735619,0.744272109,57.56517885,44.66663837,12.89854047
,B,5.7,0.1025,0.1029,0.1027,0.2681,0.2681,0.2679,0.1027,0.268,12.3235,3.5513,15.8747,2.78504117,2.162012865,0.623028304,56.14605173,43.58588574,12.56016599
,C,4.5,0.1052,0.1052,0.1054,0.2746,0.2746,0.2746,0.1053,0.2746,12.6248,3.643,16.2678,3.615057185,2.805508148,0.809549037,57.53610148,44.65157624,12.88452524
32,A,3.8,0.0704,0.0709,0.0705,0.1837,0.1838,0.1838,0.0706,0.1838,8.4469,2.4523,10.8991,2.868188772,2.222859649,0.645329123,38.5481974,29.87503242,8.673164981
,B,3.6,0.0706,0.0707,0.0707,0.1838,0.184,0.184,0.0707,0.1839,8.4545,2.4547,10.9092,3.030337778,2.348471111,0.681866667,38.58391455,29.90201599,8.681898564
,C,4.1,0.0672,0.0669,0.0668,0.1768,0.1766,0.1763,0.067,0.1766,8.1263,2.2755,10.4018,2.537018211,1.982021789,0.554996423,36.78918677,28.74120865,8.047978119
33,A,5.2,0.1345,0.1347,0.1348,0.345,0.3449,0.3451,0.1347,0.345,15.8326,4.8014,20.634,3.968071795,3.044728205,0.92334359,72.97861404,55.99698192,16.98163212
,B,5.2,0.1316,0.1315,0.1318,0.3368,0.3368,0.3366,0.1316,0.3367,15.4509,4.7043,20.1552,3.876007949,2.971327436,0.904680513,71.28542595,54.64703497,16.63839098
,C,5.8,0.1335,0.1339,0.1334,0.3399,0.34,0.3395,0.1336,0.3398,15.5824,4.8186,20.4011,3.517423448,2.686626207,0.830797241,72.15482776,55.11223032,17.04259744
34,A,4.7,0.0797,0.0798,0.0799,0.1998,0.1996,0.1996,0.0798,0.1997,9.1407,2.9521,12.0928,2.572935603,1.944838014,0.628097589,42.77002664,32.32913159,10.44089505
,B,4.2,0.0753,0.0754,0.0756,0.1905,0.1905,0.1903,0.0754,0.1904,8.7261,2.7526,11.4787,2.733032698,2.077649206,0.655383492,40.59820801,30.86272429,9.735483719
,C,4.1,0.0797,0.0797,0.0796,0.1985,0.1986,0.1983,0.0797,0.1985,9.0817,2.9665,12.0482,2.938584065,2.21503935,0.723544715,42.61227512,32.1201858,10.49208932
35,A,6.1,0.1423,0.1422,0.1422,0.3626,0.3624,0.3622,0.1422,0.3624,16.6218,5.1156,21.7375,3.56351847,2.72489071,0.83862776,76.88145528,58.78840395,18.09305133
,B,6.6,0.1455,0.1455,0.1452,0.3675,0.3672,0.3671,0.1454,0.3673,16.83,5.3012,22.1313,3.353221414,2.550002828,0.803218586,78.27424961,59.52471764,18.74953196
,C,6.4,0.1468,0.1471,0.1473,0.3715,0.3716,0.3717,0.1471,0.3716,17.0292,5.3592,22.3884,3.498190833,2.660809167,0.837381667,79.18377779,60.22911037,18.95466742
36,A,3.8,0.0728,0.0726,0.0727,0.1879,0.1875,0.1875,0.0727,0.1876,8.6172,2.561,11.1783,2.941650175,2.267697193,0.673952982,39.53551201,30.47764495,9.057867063
,B,4.5,0.0779,0.0779,0.0777,0.1981,0.1982,0.1978,0.0778,0.198,9.0817,2.8057,11.8873,2.641632296,2.018150815,0.623481481,42.04338026,32.12024711,9.923133149
,C,3.7,0.0754,0.0754,0.0754,0.1934,0.1934,0.1934,0.0754,0.1934,8.8765,2.6831,11.5596,3.12420973,2.399059459,0.72515027,40.88411969,31.39463818,9.489481502
37,A,5.2,0.112,0.112,0.1123,0.2888,0.2889,0.2889,0.1121,0.2889,13.2644,3.9592,17.2236,3.312221795,2.550842821,0.761378974,60.91657825,46.91371107,14.00286718
,B,4.9,0.1112,0.111,0.1108,0.2877,0.2872,0.2873,0.111,0.2874,13.2034,3.8897,17.0931,3.488380408,2.694568163,0.793812245,60.45506119,46.69796987,13.75709132
,C,5,0.1126,0.1128,0.1126,0.2917,0.292,0.2919,0.1127,0.2919,13.4093,3.9447,17.354,3.470795733,2.681857067,0.788938667,61.37786895,47.42620547,13.95166348
38,A,4.9,0.1094,0.1093,0.1096,0.2769,0.2769,0.2768,0.1094,0.2769,12.6896,3.9799,16.6694,3.401922449,2.589705306,0.812217143,58.95670934,44.8806536,14.07605574
,B,5,0.1135,0.1136,0.1137,0.2837,0.2838,0.2836,0.1136,0.2837,12.9852,4.2145,17.1997,3.439936,2.5970432,0.8428928,60.8321426,45.9263493,14.90579331
,C,4.6,0.1085,0.1084,0.1082,0.2738,0.274,0.2738,0.1084,0.2739,12.5506,3.9478,16.4985,3.58662058,2.728398551,0.858222029,58.35203603,44.38930938,13.96272665
39,A,4.2,0.0772,0.0771,0.0769,0.2029,0.2027,0.2028,0.0771,0.2028,9.3319,2.6276,11.9594,2.847479365,2.221869206,0.625610159,42.29827167,33.00506001,9.293211667
,B,4.5,0.0759,0.0759,0.0757,0.1984,0.1982,0.1981,0.0758,0.1982,9.1157,2.6151,11.7308,2.606848296,2.025713481,0.581134815,41.48976916,32.24061211,9.249157058
,C,4.6,0.0784,0.0782,0.0779,0.2024,0.2024,0.2018,0.0782,0.2022,9.2884,2.7433,12.0317,2.615588116,2.019208406,0.59637971,42.55395534,32.85123671,9.702718634
40,A,5.7,0.1394,0.1396,0.1392,0.3465,0.3464,0.346,0.1394,0.3463,15.8417,5.2127,21.0544,3.693747368,2.779246316,0.914501053,74.46544529,56.02922827,18.43621702
,B,5.7,0.1432,0.1432,0.1433,0.3558,0.3559,0.3558,0.1432,0.3558,16.2779,5.3558,21.6336,3.795372865,2.85576538,0.939607485,76.5142015,57.57184221,18.94235929
,C,5.5,0.1418,0.1417,0.1418,0.3528,0.3525,0.3525,0.1418,0.3526,16.1319,5.2917,21.4237,3.895210424,2.933077576,0.962132848,75.77158284,57.0556931,18.71588975
41,A,6.5,0.134,0.136,0.1377,0.3347,0.3363,0.3374,0.1359,0.3361,15.3695,5.1147,20.4843,3.151428718,2.364544205,0.786884513,72.4491995,54.35926057,18.08993893
,B,6.8,0.1205,0.1207,0.1208,0.309,0.309,0.3084,0.1207,0.3088,14.1698,4.3097,18.4795,2.717567843,2.083787451,0.633780392,65.35849662,50.1158473,15.24264931
,C,5.8,0.1192,0.1193,0.1192,0.3083,0.308,0.3075,0.1192,0.3079,14.1431,4.1958,18.3388,3.161869195,2.438461839,0.723407356,64.86114923,50.02149914,14.83965009
42,A,4.2,0.1203,0.1202,0.1203,0.3095,0.3087,0.3086,0.1203,0.3089,14.1813,4.2695,18.4508,4.39304381,3.376495238,1.016548571,65.2570701,50.15661031,15.10045979
,B,4,0.1181,0.1182,0.1181,0.3031,0.3027,0.3024,0.1181,0.3027,13.8933,4.2099,18.1032,4.525805333,3.473330667,1.052474667,64.02780411,49.13815755,14.88964655
,C,4.2,0.1207,0.1208,0.1207,0.3097,0.3094,0.3091,0.1207,0.3094,14.1993,4.3025,18.5018,4.405181587,3.380784127,1.02439746,65.43737238,50.2203202,15.21705218
43,A,6.5,0.154,0.1541,0.154,0.3767,0.3761,0.3757,0.154,0.3762,17.1767,5.9051,23.0819,3.551057846,2.642576615,0.908481231,81.63640093,60.75103629,20.88536465
,B,7.1,0.1606,0.1607,0.1606,0.3911,0.3907,0.3901,0.1606,0.3906,17.8292,6.1951,24.0244,3.383716244,2.511161502,0.872554742,84.96988517,63.0588055,21.91107967
,C,7,0.1551,0.1552,0.155,0.3806,0.3799,0.3793,0.1551,0.3799,17.3544,5.92,23.2744,3.324918667,2.479204762,0.845713905,82.3174318,61.37947702,20.93795478
44,A,5.4,0.1517,0.1516,0.1517,0.3822,0.3848,0.3842,0.1517,0.3837,17.5876,5.5154,23.1031,4.278345185,3.256967407,1.021377778,81.71133904,62.20423003,19.507109
,B,4.8,0.1455,0.1455,0.1457,0.3729,0.3723,0.372,0.1456,0.3724,17.0876,5.2018,22.2893,4.643610278,3.559909722,1.083700556,78.8333074,60.43561812,18.39768928
,C,5,0.1475,0.1475,0.1475,0.3738,0.3733,0.373,0.1475,0.3734,17.1133,5.36,22.4733,4.494661067,3.422663733,1.071997333,79.48399708,60.52669826,18.95729881
45,A,6.7,0.1233,0.1234,0.1236,0.3104,0.31,0.3099,0.1234,0.3101,14.2024,4.538,18.7404,2.797073234,2.119760199,0.677313035,66.28135625,50.23128434,16.05007192
,B,6.6,0.1166,0.1166,0.1168,0.2936,0.2935,0.2932,0.1167,0.2934,13.4407,4.2818,17.7224,2.685214545,2.03646303,0.648751515,62.68096484,47.53715781,15.14380703
,C,6.4,0.1245,0.1245,0.1244,0.3114,0.3107,0.3103,0.1245,0.3108,14.2254,4.6185,18.8439,2.944357083,2.222722917,0.721634167,66.64739808,50.31274905,16.33464903
46,A,5.6,0.1482,0.1482,0.1483,0.3678,0.367,0.3667,0.1482,0.3672,16.7911,5.5671,22.3582,3.992530714,2.998406429,0.994124286,79.0767914,59.38698451,19.68980689
,B,5.7,0.1424,0.1424,0.1423,0.354,0.3535,0.3528,0.1424,0.3534,16.1669,5.3289,21.4958,3.77118807,2.836295439,0.934892632,76.02663932,57.17933083,18.84730848
,C,5.2,0.147,0.147,0.147,0.3599,0.3596,0.3591,0.147,0.3595,16.4199,5.6233,22.0432,4.239080513,3.157670256,1.081410256,77.96285869,58.07415057,19.88870812
47,A,6,0.1386,0.1387,0.1388,0.3454,0.345,0.3447,0.1387,0.345,15.786,5.1759,20.9619,3.493655778,2.631005556,0.862650222,74.13855368,55.83233123,18.30622244
,B,6,0.1339,0.134,0.134,0.3359,0.3354,0.3349,0.134,0.3354,15.3556,4.9513,20.3069,3.384480222,2.559263778,0.825216444,71.82174907,54.30990545,17.51184363
,C,6.8,0.1437,0.1436,0.1437,0.3563,0.3559,0.3555,0.1437,0.3559,16.2761,5.3946,21.6706,3.186858431,2.393536863,0.793321569,76.64510622,57.5654335,19.07967273
48,A,5.2,0.1004,0.1003,0.1001,0.2615,0.261,0.2607,0.1003,0.2611,12.0008,3.4807,15.4815,2.977219282,2.307855179,0.669364103,54.75539459,42.44481479,12.3105798
,B,4.8,0.1107,0.1107,0.1106,0.2828,0.2825,0.282,0.1107,0.2824,12.9563,3.9699,16.9262,3.526286667,2.69922,0.827066667,59.86480866,45.82392304,14.04088562
,C,4.7,0.1068,0.1067,0.1067,0.2754,0.275,0.2745,0.1067,0.275,12.6258,3.7712,16.397,3.488723404,2.686337021,0.802386383,57.99320931,44.65510363,13.33810568
49,A,4.8,0.1185,0.1184,0.1182,0.3106,0.3102,0.3097,0.1184,0.3102,14.2664,4.0651,18.3315,3.819054722,2.972158611,0.846896111,64.83505223,50.45752753,14.3775247
,B,4.8,0.1167,0.1167,0.1167,0.3073,0.3069,0.3065,0.1167,0.3069,14.1211,3.9832,18.1043,3.7717375,2.9419025,0.829835,64.03176063,49.94387777,14.08788286
,C,4.2,0.1185,0.1184,0.1185,0.312,0.3114,0.3112,0.1185,0.3115,14.3343,4.0438,18.3781,4.375727619,3.41292,0.962807619,64.99984438,50.69768692,14.30215746
50,A,6.5,0.1139,0.1141,0.1138,0.2905,0.2902,0.2895,0.1139,0.2901,13.3031,4.1029,17.406,2.677844923,2.046635077,0.631209846,61.56183066,47.05074627,14.51108439
,B,6.4,0.1161,0.1162,0.1161,0.2958,0.2955,0.2953,0.1161,0.2955,13.5532,4.1851,17.7383,2.771610833,2.117689167,0.653921667,62.73717668,47.93524322,14.80193346
,C,6.7,0.1119,0.112,0.112,0.2859,0.2856,0.2853,0.112,0.2856,13.1008,4.0199,17.1208,2.555336318,1.955345473,0.599990846,60.55299333,46.33520077,14.21779255
51,A,6.1,0.1613,0.1613,0.1613,0.404,0.4038,0.4033,0.1613,0.4037,18.4819,5.9645,24.4464,4.007605902,3.029823607,0.977782295,86.46246021,65.36720662,21.09525359
,B,5.7,0.1554,0.1556,0.1553,0.3877,0.3873,0.3869,0.1554,0.3873,17.7229,5.786,23.5089,4.124368889,3.109281637,1.015087251,83.14671665,62.68269553,20.46402113
,C,6,0.1401,0.14,0.1402,0.3551,0.3549,0.3544,0.1401,0.3548,16.2631,5.0874,21.3505,3.558412667,2.710515333,0.847897333,75.51275377,57.51960105,17.99315272
52,A,5,0.1308,0.1307,0.1308,0.3439,0.3434,0.3432,0.1308,0.3435,15.8034,4.4721,20.2755,4.055104267,3.160678133,0.894426133,71.71083445,55.89372097,15.81711348
,B,5.1,0.1274,0.1272,0.1273,0.3376,0.3375,0.3373,0.1273,0.3375,15.5398,4.2847,19.8245,3.887165752,3.047020915,0.840144837,70.11581429,54.96147226,15.15434203
,C,6.1,0.1295,0.1295,0.1296,0.3416,0.341,0.3408,0.1295,0.3411,15.6985,4.4104,20.1089,3.296537268,2.573521749,0.723015519,71.12144491,55.52268044,15.59876447
53,A,5.6,0.1293,0.1299,0.1296,0.3384,0.3383,0.3383,0.1296,0.3383,15.5561,4.4793,20.0354,3.57775619,2.777878095,0.799878095,70.86169154,55.01916012,15.84253142
,B,5.8,0.1271,0.127,0.1271,0.3314,0.3308,0.3304,0.1271,0.3309,15.2089,4.4109,19.6198,3.38271908,2.622224368,0.760494713,69.39156351,53.79112023,15.60044328
,C,5.8,0.134,0.134,0.1339,0.3462,0.3457,0.345,0.134,0.3456,15.873,4.7221,20.5951,3.550871034,2.73672069,0.814150345,72.84095636,56.13984579,16.70111056
54,A,4.5,0.1308,0.1305,0.1307,0.3323,0.3321,0.3315,0.1307,0.332,15.2215,4.7212,19.9426,4.431696593,3.382546963,1.04914963,70.53347481,53.83554267,16.69793214
,B,4.6,0.121,0.121,0.121,0.3116,0.311,0.3108,0.121,0.3111,14.2837,4.2885,18.5722,4.037433623,3.105161159,0.932272464,65.68647756,50.51899743,15.16748013
,C,5.2,0.1302,0.1301,0.1301,0.3323,0.3319,0.3317,0.1301,0.332,15.2278,4.6716,19.8994,3.826806154,2.928430769,0.898375385,70.38053335,53.85810285,16.5224305
55,A,5.5,0.1314,0.1316,0.1315,0.3499,0.3491,0.3497,0.1315,0.3496,16.1014,4.4045,20.5058,3.728330424,2.927518303,0.800812121,72.52534956,56.94755134,15.57779821
,B,5.1,0.1286,0.1286,0.1285,0.3429,0.3427,0.342,0.1286,0.3425,15.7808,4.2891,20.0699,3.935279216,3.09428,0.840999216,70.98367405,55.81392092,15.16975313
,C,5.1,0.1302,0.1305,0.1304,0.3432,0.3429,0.3422,0.1304,0.3428,15.7711,4.4513,20.2224,3.965184052,3.092372026,0.872812026,71.52309071,55.77950532,15.74358539
56,A,5.4,0.1278,0.1281,0.1279,0.3297,0.3295,0.3289,0.1279,0.3294,15.1227,4.5251,19.6478,3.638481481,2.800499259,0.837982222,69.49069817,53.48622763,16.00447054
,B,4.8,0.129,0.1291,0.1291,0.3316,0.3318,0.3313,0.1291,0.3316,15.2204,4.5813,19.8016,4.125342222,3.170911111,0.954431111,70.03481172,53.83169461,16.20311712
,C,4.6,0.1314,0.1315,0.1316,0.3359,0.3354,0.3354,0.1315,0.3356,15.3935,4.7181,20.1116,4.372082029,3.346415362,1.025666667,71.13099432,54.44404989,16.68694442
57,A,5,0.139,0.1391,0.1389,0.3482,0.3475,0.3474,0.139,0.3477,15.9172,5.145,21.0622,4.21243256,3.18343048,1.02900208,74.49304237,56.29607555,18.19696682
,B,5.6,0.1461,0.146,0.1461,0.3623,0.3621,0.3617,0.1461,0.362,16.5574,5.4805,22.0379,3.935347143,2.956687143,0.97866,77.94420315,58.56068473,19.38351843
,C,5.4,0.144,0.1436,0.1439,0.3576,0.3572,0.3569,0.1438,0.3572,16.3415,5.3802,21.7217,4.022536543,3.026198272,0.996338272,76.82569616,57.79681215,19.02888402
58,A,6.7,0.1454,0.1453,0.145,0.3721,0.3712,0.3709,0.1452,0.3714,17.041,5.1931,22.2341,3.318528756,2.543431841,0.775096915,78.63812219,60.2708967,18.36722548
,B,6.9,0.149,0.1491,0.1488,0.3778,0.3774,0.3768,0.149,0.3773,17.2963,5.4076,22.7039,3.290423768,2.506714783,0.783708986,80.29965339,61.17398316,19.12567023
,C,7,0.1511,0.1514,0.1514,0.3826,0.3828,0.3824,0.1513,0.3826,17.5347,5.5067,23.0414,3.291631429,2.504958286,0.786673143,81.49331541,62.01707576,19.47623965
59,A,7.2,0.1539,0.154,0.154,0.3878,0.3875,0.3877,0.154,0.3877,17.759,5.6413,23.4003,3.250043148,2.466525741,0.783517407,82.76264648,62.81030393,19.95234255
,B,7.4,0.1573,0.1571,0.1873,0.3966,0.3961,0.3961,0.1672,0.3963,18.0351,6.683,24.7181,3.34029027,2.43718,0.90311027,87.42359765,63.78698451,23.63661314
,C,7.6,0.1575,0.1576,0.1576,0.3995,0.3997,0.399,0.1576,0.3994,18.3092,5.7134,24.0226,3.160869649,2.409100877,0.751768772,84.96360378,64.75619533,20.20740846
60,A,6.3,0.1374,0.1374,0.1377,0.3518,0.3518,0.3516,0.1375,0.3517,16.1391,4.9142,21.0533,3.341795344,2.561767831,0.780027513,74.46173398,57.08119592,17.38053807
,B,6,0.1361,0.136,0.1362,0.349,0.3488,0.3489,0.1361,0.3489,16.0126,4.8474,20.86,3.476668667,2.668771333,0.807897333,73.77807173,56.63375539,17.14431633
,C,5.4,0.1367,0.137,0.137,0.3546,0.3546,0.3543,0.1369,0.3545,16.2862,4.7964,21.0826,3.90418,3.015962222,0.888217778,74.565226,57.6013157,16.96391031
61,A,5.8,0.1633,0.1653,0.167,0.3796,0.3812,0.3825,0.1652,0.3811,17.2926,6.8336,24.1262,4.159688276,2.981486897,1.178201379,85.32995685,61.16086864,24.16908821
,B,6,0.1523,0.1523,0.1526,0.373,0.3724,0.3724,0.1524,0.3726,17.016,5.8331,22.849,3.808168,2.835992,0.972176,80.81278913,60.18233006,20.63045908
,C,5.4,0.1587,0.1588,0.1585,0.397,0.3866,0.3862,0.1587,0.3899,17.8174,6.0278,23.8452,4.415780741,3.299514074,1.116266667,84.3361958,63.01682111,21.31937469
62,A,4.6,0.1195,0.1195,0.1193,0.2997,0.2994,0.2986,0.1194,0.2992,13.7008,4.4093,18.1101,3.936970725,2.978437971,0.958532754,64.05201009,48.45729174,15.59471835
,B,4.5,0.1167,0.117,0.1168,0.2887,0.2884,0.2881,0.1168,0.2884,13.1842,4.41,17.5942,3.909820148,2.929817185,0.980002963,62.22745514,46.63003938,15.59741576
,C,5,0.1233,0.1232,0.123,0.3037,0.303,0.3026,0.1232,0.3031,13.8517,4.67,18.5216,3.704329867,2.770332533,0.933997333,65.50770791,48.9908137,16.5168942
63,A,4.3,0.0964,0.0963,0.0962,0.2419,0.2415,0.2412,0.0963,0.2415,11.0602,3.5494,14.6096,3.397577364,2.572134264,0.825443101,51.67143901,39.11783735,12.55360166
,B,4.4,0.097,0.097,0.097,0.2436,0.2435,0.2432,0.097,0.2434,11.1479,3.572,14.7198,3.345418788,2.533606667,0.811812121,52.0614086,39.42798802,12.63342057
,C,4.2,0.0899,0.0898,0.0899,0.2263,0.2263,0.2259,0.0899,0.2262,10.3602,3.2951,13.6552,3.251248254,2.466709841,0.784538413,48.29611186,36.64207871,11.65403315
64,A,4.7,0.1167,0.116,0.1159,0.2832,0.2827,0.2824,0.1162,0.2828,12.9069,4.4773,17.3842,3.698767092,2.746155461,0.952611631,61.48477518,45.6494683,15.83530688
,B,4,0.1107,0.1095,0.1095,0.2695,0.2682,0.268,0.1099,0.2686,12.2643,4.2092,16.4735,4.118382333,3.066081667,1.052300667,58.26387965,43.37669473,14.88718493
,C,4.3,0.0936,0.0934,0.0936,0.2363,0.236,0.2358,0.0935,0.236,10.8152,3.4152,14.2304,3.309391008,2.51515969,0.794231318,50.33027281,38.25134989,12.07892292
65,A,5.5,0.1234,0.123,0.1231,0.3052,0.3049,0.3046,0.1232,0.3049,13.9427,4.6297,18.5723,3.376788606,2.53503103,0.841757576,65.68698215,49.31269246,16.37428969
,B,5.8,0.1255,0.1256,0.1255,0.3098,0.3094,0.3091,0.1255,0.3094,14.1436,4.7483,18.8919,3.257221609,2.438546667,0.818674943,66.81716536,50.02323925,16.7939261
,C,5.2,0.1252,0.1253,0.1256,0.3078,0.3076,0.3076,0.1254,0.3077,14.0562,4.7724,18.8286,3.620888974,2.703123333,0.917765641,66.5934168,49.71437127,16.87904553
66,A,5.6,0.1559,0.1564,0.1562,0.3798,0.3798,0.3794,0.1562,0.3797,17.3282,6.0252,23.3534,4.17025119,3.094320238,1.075930952,82.59675556,61.28667091,21.31008465
,B,5.6,0.1623,0.1622,0.1623,0.397,0.3964,0.3962,0.1623,0.3965,18.108,6.2149,24.323,4.343385714,3.233574286,1.109811429,86.02588951,64.04476197,21.98112754
,C,5.7,0.149,0.1493,0.1492,0.3669,0.367,0.3665,0.1492,0.3668,16.7614,5.6621,22.4235,3.933951111,2.940592047,0.993359064,79.30792012,59.28193629,20.02598382
67,A,4.8,0.1369,0.1369,0.1372,0.3375,0.3373,0.3373,0.137,0.3374,15.4187,5.1895,20.6082,4.293376111,3.212237222,1.081138889,72.88747731,54.53327674,18.35420056
,B,5.3,0.1367,0.1368,0.1368,0.3339,0.3337,0.3333,0.1368,0.3336,15.2328,5.2514,20.4842,3.864935094,2.874107925,0.99082717,72.44873736,53.87554644,18.57319092
,C,5.7,0.1436,0.1436,0.1437,0.3487,0.3483,0.3481,0.1436,0.3484,15.8956,5.5602,21.4558,3.764174737,2.788695439,0.975479298,75.88525147,56.2197213,19.66553017
68,A,4.1,0.0767,0.0768,0.0766,0.1902,0.1901,0.1898,0.0767,0.19,8.6908,2.8794,11.5702,2.821993821,2.119695935,0.702297886,40.92160524,30.73761524,10.18399
,B,4.3,0.0772,0.0772,0.0773,0.192,0.1918,0.1918,0.0772,0.1919,8.7771,2.888,11.665,2.71280093,2.041178605,0.671622326,41.25714084,31.04289453,10.2142463
,C,4.3,0.08,0.0801,0.0803,0.1973,0.1973,0.1973,0.0801,0.1973,9.0171,3.0361,12.0532,2.803064806,2.09699845,0.706066357,42.62990262,31.89182052,10.7380821
69,A,5.7,0.1392,0.1391,0.1393,0.3507,0.3506,0.3506,0.1392,0.3506,16.0632,5.097,21.1602,3.712310643,2.818103392,0.894207251,74.83967839,56.81258164,18.02709674
,B,6.3,0.1408,0.1408,0.1408,0.3515,0.3512,0.3508,0.1408,0.3512,16.071,5.2339,21.3049,3.38173291,2.550955344,0.830777566,75.35162104,56.84027257,18.51134847
,C,5.4,0.1353,0.1351,0.1356,0.3404,0.3401,0.3399,0.1353,0.3401,15.5786,4.9724,20.551,3.805737284,2.884917531,0.920819753,72.68508642,55.09851689,17.58656952
70,A,3.6,0.091,0.091,0.0911,0.233,0.2327,0.2326,0.091,0.2328,10.6799,3.2558,13.9357,3.871025556,2.966645556,0.90438,49.28801019,37.77295041,11.51505977
,B,3.8,0.0893,0.0894,0.0895,0.2293,0.2291,0.229,0.0894,0.2291,10.5158,3.1852,13.7009,3.605512281,2.767304561,0.838207719,48.4577586,37.19232275,11.26543585
,C,4.1,0.0909,0.091,0.0912,0.2313,0.2311,0.2309,0.091,0.2311,10.5957,3.2931,13.8888,3.387502114,2.584306667,0.803195447,49.12201551,37.47491453,11.64710099
71,A,4.6,0.133,0.1331,0.1329,0.3337,0.3334,0.3327,0.133,0.3333,15.2593,4.9091,20.1684,4.384441159,3.317235362,1.067205797,71.33206951,53.96930985,17.36275966
,B,4.6,0.1344,0.1344,0.1343,0.3356,0.3356,0.3352,0.1344,0.3355,15.3542,4.987,20.3412,4.421997971,3.337862899,1.084135072,71.94309495,54.30490675,17.63818821
,C,5.2,0.1307,0.1307,0.1307,0.3221,0.3219,0.3217,0.1307,0.3219,14.7121,4.9498,19.6619,3.781126923,2.829248462,0.951878462,69.54042583,52.0339959,17.50642994
72,A,5.6,0.144,0.1437,0.1436,0.3684,0.3678,0.3675,0.1438,0.3679,16.8816,5.1351,22.0167,3.931547381,3.014566905,0.916980476,77.86894438,59.70706185,18.16188253
,B,5.9,0.1468,0.1468,0.1467,0.3743,0.3739,0.3733,0.1468,0.3738,17.1457,5.2813,22.427,3.801184407,2.906048136,0.895136271,79.32018109,60.64116856,18.67901252
,C,7.1,0.1572,0.1573,0.1573,0.3945,0.3943,0.3941,0.1573,0.3943,18.0549,5.7998,23.8547,3.359812582,2.542943474,0.816869108,84.36963052,63.85689562,20.5127349
73,A,4.8,0.0843,0.0844,0.0843,0.2211,0.221,0.2209,0.0843,0.221,10.1651,2.896,13.0611,2.721063889,2.117736111,0.603327778,46.19476079,35.95222937,10.24253142
,B,4.8,0.084,0.0842,0.0843,0.2208,0.2207,0.2206,0.0842,0.2207,10.152,2.8872,13.0391,2.716488611,2.114991389,0.601497222,46.11708755,35.90563297,10.21145458
,C,4.3,0.0855,0.086,0.0863,0.2246,0.2248,0.2249,0.0859,0.2248,10.3364,2.9605,13.2969,3.092303256,2.403823256,0.68848,47.02873311,36.55810992,10.47062319
74,A,4.3,0.0819,0.0821,0.0821,0.2207,0.2206,0.2204,0.082,0.2206,10.1707,2.6917,12.8624,2.991260465,2.365286512,0.625973953,45.49204216,35.97203084,9.520011318
,B,4.8,0.0821,0.082,0.0819,0.2206,0.2203,0.2204,0.082,0.2204,10.1644,2.6916,12.856,2.678325556,2.117581111,0.560744444,45.46920374,35.94959798,9.519605763
,C,4.5,0.0814,0.0815,0.0815,0.2199,0.2198,0.2196,0.0815,0.2198,10.1371,2.6569,12.7939,2.843099259,2.252680296,0.590418963,45.24986442,35.85294381,9.39692061
75,A,3.6,0.0806,0.0806,0.0808,0.1987,0.1986,0.1984,0.0807,0.1986,9.0748,3.0573,12.1321,3.370025185,2.520765926,0.849259259,42.90900002,32.09576761,10.81323242
,B,3.5,0.0797,0.0796,0.0796,0.1958,0.1961,0.196,0.0796,0.196,8.9557,3.0194,11.9751,3.421454857,2.55876,0.862694857,42.35372427,31.67454198,10.67918229
,C,3.2,0.084,0.0842,0.0841,0.2052,0.2052,0.2051,0.0841,0.2052,9.3674,3.2289,12.5963,3.936350417,2.927309583,1.009040833,44.55089953,33.13075853,11.420141
76,A,4.5,0.103,0.1032,0.1033,0.2647,0.2648,0.2652,0.1032,0.2649,12.1595,3.6649,15.8243,3.516519407,2.702104593,0.814414815,55.96780552,43.00583811,12.96196741
,B,4.6,0.1042,0.1042,0.1042,0.2691,0.269,0.2688,0.1042,0.269,12.3527,3.6699,16.0226,3.483182029,2.685374493,0.797807536,56.66915659,43.68933531,12.97982127
,C,4.4,0.1038,0.1044,0.104,0.2661,0.2663,0.2663,0.1041,0.2662,12.2161,3.7187,15.9349,3.621558182,2.776390909,0.845167273,56.35868996,43.20619651,13.15249346
77,A,5.3,0.1334,0.1332,0.1333,0.3287,0.3269,0.3282,0.1333,0.3279,14.986,5.0565,20.0426,3.781616352,2.827554969,0.954061384,70.88691613,53.00290491,17.88401122
,B,4.9,0.1322,0.1325,0.1324,0.327,0.3434,0.3269,0.1324,0.3324,15.2247,4.8689,20.0936,4.100737143,3.107086531,0.993650612,71.0674542,53.84708212,17.22037207
,C,6.4,0.1408,0.1406,0.1408,0.3436,0.3437,0.3437,0.1407,0.3437,15.6926,5.3957,21.0883,3.29504875,2.45197125,0.8430775,74.58552734,55.5019311,19.08359624
78,A,5.5,0.1162,0.1162,0.1163,0.2994,0.299,0.2993,0.1162,0.2992,13.7391,4.1115,17.8506,3.245565333,2.498015758,0.747549576,63.13436137,48.59265285,14.54170852
,B,5.3,0.1122,0.1123,0.1124,0.2896,0.2897,0.2895,0.1123,0.2896,13.2991,3.9614,17.2604,3.256683019,2.509258113,0.747424906,61.04696895,47.03638679,14.01058216
,C,5.5,0.1139,0.1139,0.1141,0.2933,0.2933,0.2935,0.114,0.2934,13.4696,4.032,17.5016,3.182113212,2.449014061,0.733099152,61.90005895,47.63944731,14.26061163
79,A,4.5,0.0724,0.0722,0.0721,0.1893,0.189,0.1891,0.0722,0.1891,8.6987,2.484,11.1827,2.485038519,1.933037926,0.552000593,39.55108345,30.76561741,8.785466035
,B,4.6,0.0755,0.0756,0.0756,0.197,0.1968,0.1967,0.0756,0.1968,9.0481,2.6217,11.6698,2.536906957,1.966981739,0.569925217,41.27386291,32.00154205,9.27232086
,C,4.4,0.0742,0.0744,0.0745,0.1922,0.1925,0.1924,0.0744,0.1924,8.8366,2.6101,11.4467,2.601521515,2.008325758,0.593195758,40.48487892,31.25356629,9.231312631
80,A,7,0.141,0.1411,0.1412,0.3462,0.3459,0.3459,0.1411,0.346,15.8062,5.3775,21.1837,3.026249714,2.258029143,0.768220571,74.92306713,55.90367122,19.01939591
,B,7,0.1379,0.1382,0.1383,0.3408,0.3407,0.3408,0.1381,0.3408,15.5771,5.2188,20.7958,2.970834286,2.225298286,0.745536,73.55110702,55.09332956,18.45777746
,C,7.2,0.1464,0.1463,0.1463,0.358,0.3574,0.3575,0.1463,0.3576,16.3318,5.6039,21.9357,3.04661963,2.268304815,0.778314815,77.58244795,57.76258989,19.81985806
81,A,4.9,0.135,0.1355,0.1359,0.3297,0.3302,0.3303,0.1355,0.3301,15.068,5.2103,20.2783,4.138431565,3.075099864,1.063331701,71.72071397,53.29274009,18.42797387
,B,4.3,0.1205,0.1202,0.1202,0.305,0.3042,0.3041,0.1203,0.3044,13.9534,4.3734,18.3268,4.26203876,3.244967752,1.017071008,64.81844333,49.35050341,15.46793992
,C,4.2,0.1245,0.1243,0.1245,0.3182,0.3175,0.3175,0.1244,0.3177,14.5764,4.4601,19.0364,4.532482222,3.470565397,1.061916825,67.32837707,51.55398835,15.77438872
82,A,4.8,0.125,0.1244,0.1246,0.3099,0.3095,0.3087,0.1247,0.3094,14.1506,4.6692,18.8197,3.920778889,2.948034444,0.972744444,66.56199571,50.04797812,16.51401759
,B,4.8,0.1265,0.1264,0.1263,0.3152,0.3147,0.314,0.1264,0.3146,14.3961,4.7125,19.1086,3.980955556,2.999191111,0.981764444,67.58359859,50.91645092,16.66714767
,C,4.8,0.1295,0.1295,0.1297,0.3202,0.3199,0.3196,0.1296,0.3199,14.6245,4.8891,19.5136,4.065343611,3.046776389,1.018567222,69.01623164,51.72429323,17.29193841
83,A,5,0.1257,0.1259,0.1257,0.3236,0.323,0.3229,0.1258,0.3232,14.8351,4.4624,19.2975,3.859506933,2.967027467,0.892479467,68.25187333,52.46918488,15.78268845
,B,6.2,0.1332,0.1336,0.1334,0.3383,0.3382,0.3377,0.1334,0.3381,15.4972,4.8388,20.336,3.280004731,2.499546237,0.780458495,71.92484025,54.81073306,17.11410719
,C,5,0.1277,0.1277,0.1278,0.3283,0.3277,0.3274,0.1277,0.3278,15.0459,4.5416,19.5875,3.917493333,3.009175467,0.908317867,69.27731013,53.21453397,16.06277617
84,A,5.1,0.1292,0.1292,0.1287,0.3184,0.318,0.317,0.129,0.3178,14.5247,4.8865,19.4113,3.806131503,2.847986144,0.958145359,68.6541369,51.37132819,17.28280871
,B,4.8,0.1222,0.1223,0.122,0.3049,0.3046,0.3038,0.1222,0.3044,13.931,4.5471,18.4781,3.8496075,2.902299167,0.947308333,65.35373842,49.27154276,16.08219566
,C,4.7,0.122,0.1223,0.122,0.305,0.3048,0.3044,0.1221,0.3047,13.947,4.5342,18.4812,3.932161418,2.967447092,0.964714326,65.36449978,49.32800924,16.03649053
85,A,5,0.1338,0.1341,0.134,0.3386,0.3385,0.3382,0.134,0.3384,15.5089,4.8834,20.3923,4.07846,3.1017896,0.9766704,72.12385938,54.85233076,17.27152861
,B,6,0.1327,0.1328,0.1326,0.3335,0.3333,0.3328,0.1327,0.3332,15.2595,4.8827,20.1422,3.357038,2.54325,0.813788,71.23940016,53.97007852,17.26932164
,C,5.8,0.1377,0.1375,0.1378,0.3455,0.3449,0.3449,0.1377,0.3451,15.8018,5.0783,20.88,3.600005057,2.724441839,0.875563218,73.8488694,55.88796303,17.96090637
86,A,6,0.1394,0.1395,0.1392,0.3496,0.3495,0.349,0.1394,0.3494,15.9972,5.1409,21.138,3.523002444,2.666192222,0.856810222,74.76131664,56.57902431,18.18229233
,B,5.8,0.1335,0.1335,0.1333,0.3377,0.3375,0.3368,0.1334,0.3373,15.4597,4.8584,20.3181,3.503117471,2.665467356,0.837650115,71.86136144,54.67818726,17.18317418
,C,6.2,0.1381,0.1381,0.1381,0.3471,0.3472,0.3467,0.1381,0.347,15.8926,5.076,20.9687,3.382043226,2.563329677,0.818713548,74.16236825,56.20939379,17.95297446
87,A,5.7,0.1393,0.1393,0.1396,0.3426,0.3424,0.3422,0.1394,0.3424,15.6445,5.3,20.9445,3.67448,2.744652632,0.929827368,74.07701775,55.33182429,18.74519346
,B,5.5,0.1366,0.1364,0.1367,0.34,0.3395,0.3394,0.1366,0.3396,15.5385,5.0984,20.6369,3.752163636,2.825186182,0.926977455,72.98896513,54.9569357,18.03202943
,C,5.3,0.1367,0.1366,0.1367,0.3432,0.3429,0.3429,0.1367,0.343,15.7075,5.0323,20.7398,3.913172327,2.96368805,0.949484277,73.35295089,55.55473816,17.79821273
88,A,5.2,0.1279,0.1284,0.1281,0.3245,0.3241,0.3243,0.1281,0.3243,14.8641,4.6572,19.5213,3.75410359,2.858487179,0.89561641,69.04342741,52.57173846,16.47168895
,B,5.7,0.1258,0.1258,0.1263,0.3183,0.3179,0.318,0.126,0.3181,14.5749,4.5952,19.1701,3.36318152,2.556998129,0.806183392,67.80128269,51.548735,16.25254769
,C,6,0.1267,0.1267,0.127,0.3195,0.3191,0.3191,0.1268,0.3192,14.6239,4.6466,19.2706,3.211759111,2.437318222,0.774440889,68.15644998,51.72210983,16.43434015
89,A,5.6,0.1485,0.1485,0.1484,0.3582,0.3581,0.3575,0.1485,0.3579,16.3214,5.7956,22.1171,3.949478571,2.914544286,1.034934286,78.22409281,57.72599561,20.49809719
,B,5.8,0.151,0.1511,0.1509,0.367,0.3668,0.3664,0.151,0.3667,16.7361,5.8342,22.5703,3.891429425,2.885530575,1.005898851,79.82701658,59.19246422,20.63455236
,C,5.6,0.1389,0.1389,0.1393,0.338,0.3379,0.338,0.139,0.338,15.4248,5.3652,20.79,3.712493571,2.754420714,0.958072857,73.53032468,54.55455896,18.97576572
90,A,3.5,0.0893,0.0893,0.0893,0.2279,0.2276,0.2275,0.0893,0.2277,10.4428,3.2087,13.6515,3.900439238,2.983656762,0.916782476,48.28300677,36.9342812,11.34872557
,B,3.8,0.0855,0.0857,0.0857,0.217,0.2171,0.2171,0.0856,0.2171,9.9507,3.105,13.0557,3.435723158,2.618609474,0.817113684,46.17580816,35.19387423,10.98193393
,C,4.3,0.0864,0.0866,0.0865,0.218,0.2182,0.2178,0.0865,0.218,9.9875,3.1648,13.1523,3.058674419,2.322683721,0.735990698,46.51729504,35.32411403,11.19318101
91,A,6.4,0.1605,0.1606,0.1603,0.3867,0.3865,0.3861,0.1605,0.3864,17.6189,6.2737,23.8926,3.73321875,2.75295125,0.9802675,84.5037844,62.31480512,22.18897927
,B,6.5,0.1553,0.1553,0.1551,0.375,0.3749,0.3741,0.1552,0.3747,17.0866,6.0504,23.1369,3.559528,2.628700923,0.930827077,81.831124,60.43204357,21.39908043
,C,6.2,0.1507,0.1509,0.1508,0.3657,0.3657,0.3651,0.1508,0.3655,16.6761,5.8432,22.5193,3.632152258,2.689695484,0.942456774,79.64682747,58.98037773,20.66644974
92,A,7.3,0.1311,0.1313,0.1313,0.3247,0.3244,0.3246,0.1312,0.3246,14.8405,4.9397,19.7802,2.70961589,2.032950685,0.676665205,69.95895876,52.48829313,17.47066563
,B,7.9,0.1347,0.1349,0.1347,0.3354,0.3353,0.3352,0.1348,0.3353,15.341,5.028,20.3689,2.578345485,1.941893502,0.636451983,72.04120158,54.25818302,17.78301856
,C,7.6,0.1329,0.1328,0.1328,0.3337,0.3333,0.3331,0.1328,0.3334,15.2663,4.8914,20.1577,2.652333158,2.008727895,0.643605263,71.29423499,53.99424206,17.29999293
93,A,6.9,0.1703,0.17,0.1702,0.4087,0.4081,0.4081,0.1702,0.4083,18.6085,6.6864,25.2948,3.665919034,2.696877488,0.969041546,89.46325717,65.8147226,23.64853458
,B,6.3,0.1689,0.1687,0.1687,0.4037,0.4033,0.4032,0.1688,0.4034,18.3775,6.6659,25.0433,3.97513418,2.917056296,1.058077884,88.57376152,64.99771757,23.57604395
,C,5.8,0.1616,0.1615,0.1613,0.3865,0.3863,0.3861,0.1615,0.3863,17.6002,6.3697,23.9699,4.132745747,3.034514943,1.098230805,84.77727005,62.2486619,22.52860814
94,A,6,0.1258,0.1259,0.126,0.3176,0.3176,0.3175,0.1259,0.3176,14.5504,4.6002,19.1506,3.191774889,2.425067778,0.766707111,67.7323666,51.46214426,16.27022235
,B,5.2,0.1244,0.1244,0.1242,0.3152,0.3147,0.3148,0.1243,0.3149,14.4343,4.5142,18.9485,3.643948205,2.775830256,0.868117949,67.01750961,51.05155738,15.96595223
,C,4.9,0.1175,0.1176,0.1175,0.2961,0.2962,0.2961,0.1175,0.2961,13.5668,4.3019,17.8687,3.646677007,2.768735238,0.877941769,63.19840607,47.98331565,15.21509042
95,A,4.2,0.1178,0.1181,0.1178,0.2992,0.2994,0.2992,0.1179,0.2993,13.7208,4.2658,17.9867,4.282543175,3.266866349,1.015676825,63.61562331,48.52811299,15.08751032
,B,4.1,0.1163,0.1163,0.1164,0.2945,0.2947,0.2943,0.1163,0.2945,13.4986,4.2269,17.7254,4.323274797,3.292334959,1.030939837,62.69161302,47.7420009,14.94961213
,C,4.2,0.1183,0.1178,0.1179,0.2995,0.2992,0.2991,0.118,0.2993,13.7196,4.2751,17.9948,4.284473651,3.266581587,1.017892063,63.64429983,48.52388295,15.12041687
96,A,4.5,0.1259,0.1259,0.126,0.3078,0.3081,0.3082,0.1259,0.308,14.068,4.8169,18.8849,4.196642963,3.126222815,1.070420148,66.79243592,49.75596897,17.03646695
,B,4.9,0.1197,0.1197,0.1201,0.2915,0.2915,0.2918,0.1198,0.2916,13.3101,4.6175,17.9275,3.658682177,2.716344762,0.942337415,63.40646059,47.07536724,16.33109335
,C,5.4,0.1127,0.1126,0.1126,0.275,0.2747,0.2747,0.1126,0.2748,12.5468,4.3239,16.8707,3.124199753,2.323480247,0.800719506,59.66852468,44.375728,15.29279668
97,A,5.6,0.1254,0.1252,0.1252,0.31,0.3187,0.3186,0.1253,0.3158,14.467,4.5816,19.0486,3.401537619,2.583388095,0.818149524,67.37147438,51.16705572,16.20441866
,B,5.3,0.1216,0.1214,0.1214,0.3101,0.3111,0.3099,0.1215,0.3104,14.2394,4.349,18.5884,3.507253333,2.686678742,0.820574591,65.74394379,50.36216076,15.38178303
,C,5.9,0.1245,0.1242,0.1242,0.3163,0.316,0.316,0.1243,0.3161,14.4954,4.4842,18.9796,3.216884746,2.456845424,0.760039322,67.12746693,51.26755323,15.8599137
98,A,5.7,0.1322,0.1323,0.1325,0.3465,0.3465,0.3465,0.1323,0.3465,15.9363,4.5507,20.487,3.594215205,2.795847953,0.798367251,72.45889038,56.36391502,16.09497536
,B,5.8,0.1304,0.1305,0.1307,0.3383,0.338,0.3384,0.1305,0.3382,15.5399,4.5684,20.1083,3.466947126,2.679292874,0.787654253,71.11937941,54.96179765,16.15758176
,C,5.8,0.1311,0.131,0.1311,0.3407,0.3406,0.3408,0.1311,0.3407,15.6582,4.5628,20.221,3.486378851,2.699695632,0.786683218,71.51799297,55.38033057,16.1376624
99,A,5.5,0.0943,0.0947,0.0944,0.2319,0.2321,0.232,0.0945,0.232,10.6001,3.5924,14.1925,2.580450424,1.927290667,0.653159758,50.19621325,37.49062272,12.70559053
,B,5.9,0.1003,0.1005,0.1005,0.2434,0.2434,0.2433,0.1004,0.2434,11.1034,3.8929,14.9963,2.541752542,1.881938305,0.659814237,53.03932942,39.2708354,13.76849402
,C,5.8,0.1061,0.1064,0.1062,0.2579,0.2575,0.2577,0.1062,0.2577,11.7588,4.1115,15.8702,2.736246667,2.027372644,0.708874023,56.1301219,41.58860201,14.54151989
100,A,5.7,0.1308,0.1308,0.1308,0.3187,0.3184,0.3145,0.1308,0.3172,14.4733,5.0644,19.5376,3.42765193,2.539169123,0.888482807,69.10099738,51.18930466,17.91169272
,B,5.8,0.1313,0.1311,0.1312,0.3149,0.3146,0.3144,0.1312,0.3146,14.3387,5.1591,19.4978,3.361684598,2.472191264,0.889493333,68.96007168,50.71340926,18.24666242
,C,5.4,0.1295,0.1296,0.1297,0.3117,0.3117,0.3123,0.1296,0.3119,14.2196,5.0714,19.2911,3.572420741,2.633268148,0.939152593,68.22901606,50.29231096,17.9367051